sample_no,request_id,timestamp,prediction,prediction_label,probability,age,gender,cp,trestbps,chol,fbs,restecg,thalach,exang,oldpeak,slope,ca,thal
1,08b7c6d9-940b-4fa0-b05c-573659c0a212,2026-09-06T09:50:58.984509+00:00,0,No Heart Disease,0.2762,59,male,2,115.2,442.9,1,2,103.1,1,2.2,2,1,2
2,38787cd0-6ae6-487c-8353-72a85ddc1793,2026-09-06T09:50:59.710001+00:00,0,No Heart Disease,0.0818,63,female,0,171.5,563.9,0,2,169.6,1,5.7,2,1,1
3,898c978a-90e0-4021-86f0-05e723c4f4f7,2026-09-06T09:51:00.374007+00:00,0,No Heart Disease,0.0125,55,male,2,160.6,330.1,0,1,122.1,1,4.9,1,3,3
4,78aa1ef2-0cc3-47b1-b2b7-4b822af7f317,2026-09-06T09:51:01.195877+00:00,0,No Heart Disease,0.4673,49,male,3,118.3,143.7,0,0,198.2,1,5.2,1,3,0
5,0db9a512-58fd-482d-af6d-1c388edd2728,2026-09-06T09:51:01.987254+00:00,0,No Heart Disease,0.1569,50,male,1,199.5,286.2,0,1,135.6,0,1.6,2,2,2
6,43b88472-b5b1-4a43-8ada-e14f4fcb8662,2026-09-06T09:51:02.711608+00:00,1,Heart Disease,0.8704,74,female,1,166.5,462.3,0,1,192.1,0,0.6,0,0,1
7,1b2f4b21-d15a-498d-93c9-380ed12cb710,2026-09-06T09:51:04.413886+00:00,0,No Heart Disease,0.2758,57,male,2,118.2,211.7,1,0,162.1,1,3.0,1,3,1
8,4b7f901b-ef55-41b3-a26b-f916484990ff,2026-09-06T09:51:05.096646+00:00,0,No Heart Disease,0.1252,33,female,2,123.5,373.3,1,2,84.2,0,5.5,1,1,1
9,18146d5d-a2bc-4864-9aba-76d374a005d6,2026-09-06T09:51:05.749358+00:00,1,Heart Disease,0.5582,49,female,0,155.4,534.2,1,2,165.4,0,0.7,0,1,1
10,39b7c0b7-f34f-4059-a1aa-1efb9172a5c9,2026-09-06T09:51:07.421431+00:00,0,No Heart Disease,0.1644,69,male,1,119.0,381.8,0,0,82.4,0,5.0,2,0,0
11,83991876-9a85-4bb9-b02a-ea5cc41a0298,2026-09-06T09:51:08.295498+00:00,0,No Heart Disease,0.1508,64,male,2,94.0,249.1,0,0,84.6,0,3.6,2,1,3
12,9fb9ebf6-4a76-4290-8757-1d67abe5b79e,2026-09-06T09:51:09.117414+00:00,1,Heart Disease,0.6463,40,female,2,122.9,324.8,1,2,176.6,0,2.5,1,3,1
13,6c2f57eb-b53a-484c-98d1-a049c67d56ea,2026-09-06T09:51:09.873891+00:00,0,No Heart Disease,0.3582,42,male,2,136.2,455.7,1,1,160.9,0,2.1,0,1,3
14,c7a4df30-49d1-48c1-a56b-ab0a7ad108f5,2026-09-06T09:51:10.555988+00:00,0,No Heart Disease,0.0928,71,male,1,158.5,368.9,0,1,114.5,1,3.4,1,1,1
15,86507f1f-6e9c-4f20-b007-bbe7317bc691,2026-09-06T09:51:11.343030+00:00,0,No Heart Disease,0.1772,67,male,3,101.2,512.7,0,0,183.8,1,5.9,1,3,1
16,3598ceb7-c10d-4df3-a2de-e6fe65dc4240,2026-09-06T09:51:12.063048+00:00,1,Heart Disease,0.8382,52,female,3,194.1,394.6,0,0,171.9,0,2.3,2,1,0
17,478239ab-709e-4fa8-9c13-42e9a434afca,2026-09-06T09:51:13.709668+00:00,0,No Heart Disease,0.084,32,female,0,179.9,515.7,1,0,86.4,0,1.3,2,0,3
18,963b2854-8853-4ed4-b4e2-2c73ec51b23c,2026-09-06T09:51:14.461772+00:00,0,No Heart Disease,0.0839,35,female,3,153.2,460.5,0,2,87.3,1,3.3,1,3,1
19,3c2769ad-e179-4255-bafd-dd5afb6d3b7d,2026-09-06T09:51:15.280998+00:00,0,No Heart Disease,0.2363,70,male,2,189.3,247.1,1,1,154.5,1,2.5,1,2,1
20,1277cf37-e404-464d-81fb-46180613cf3d,2026-09-06T09:51:17.173487+00:00,1,Heart Disease,0.8004,44,female,1,138.6,330.7,1,1,196.8,0,2.9,2,0,2
21,2a51a500-0a41-49b5-bb49-68a6003af856,2026-09-06T09:51:18.045699+00:00,0,No Heart Disease,0.2781,53,male,2,137.8,185.0,1,1,161.2,0,4.7,2,1,3
22,81c5be28-f0ef-40e6-aec9-c1ff027be295,2026-09-06T09:51:18.883158+00:00,0,No Heart Disease,0.3264,67,female,2,120.2,353.1,1,0,197.2,1,5.0,0,3,0
23,e6e69558-e25f-4470-b0a3-cf30ed51841f,2026-09-06T09:51:19.770034+00:00,0,No Heart Disease,0.0275,77,male,0,138.9,267.8,0,2,104.3,1,4.2,2,1,3
24,3ae72bb3-1ee3-4e92-9b32-32f3e9957379,2026-09-06T09:51:20.586230+00:00,1,Heart Disease,0.5308,39,male,3,181.6,156.4,0,0,148.7,0,4.6,2,0,1
25,e9c798d1-c01b-4c04-a24b-93cc81096b90,2026-09-06T09:51:21.283633+00:00,0,No Heart Disease,0.1273,77,male,1,125.3,519.0,1,2,85.1,0,2.1,1,2,1
26,800139f9-6f44-465f-913a-52e8afb057fa,2026-09-06T09:51:22.094388+00:00,1,Heart Disease,0.8588,30,female,3,108.8,243.1,1,0,186.2,0,4.4,2,1,1
27,227bfb87-b58f-4392-8730-3da8e11c64b7,2026-09-06T09:51:22.840651+00:00,0,No Heart Disease,0.2455,37,male,2,96.6,396.1,0,1,140.6,0,2.9,1,2,3
28,e7850f69-0e20-4928-bb0e-1f25857cb3d5,2026-09-06T09:51:23.678996+00:00,1,Heart Disease,0.5536,51,female,3,188.0,380.7,0,2,190.5,0,2.4,1,2,3
29,6dbe7945-8659-43f2-bb95-116880b6e8c8,2026-09-06T09:51:24.360658+00:00,0,No Heart Disease,0.0614,52,male,0,147.8,552.0,1,0,94.9,1,2.0,0,1,0
30,937c646c-f899-4586-915d-193ab52e2628,2026-09-06T09:51:25.239726+00:00,0,No Heart Disease,0.2401,56,male,2,174.2,453.4,0,2,133.8,0,3.3,2,1,2
31,05353118-61c7-4db5-bc30-b73163335dc5,2026-09-06T09:51:26.001917+00:00,0,No Heart Disease,0.4768,70,female,3,125.1,150.5,0,2,166.3,1,4.4,1,2,2
32,83a8acab-ff86-471a-b720-bef78399d67a,2026-09-06T09:51:26.746771+00:00,0,No Heart Disease,0.1043,50,male,1,160.0,473.2,1,1,116.2,0,2.2,2,2,2
33,5d462da9-3955-4c5a-814f-95504dbc10b1,2026-09-06T09:51:27.499780+00:00,0,No Heart Disease,0.4027,41,male,2,179.5,358.5,0,0,174.0,1,2.4,1,1,1
34,0c321f14-1ad0-402f-a1a0-103bbce93592,2026-09-06T09:51:29.264764+00:00,0,No Heart Disease,0.0252,37,female,0,141.9,454.6,0,0,115.9,1,2.0,2,3,3
35,f21cecc1-28bc-462a-a613-6c0faf38019f,2026-09-06T09:51:30.123356+00:00,0,No Heart Disease,0.2241,41,male,0,147.9,423.7,1,1,201.8,1,2.8,0,0,3
36,781cad23-3659-4a0b-92d4-52a0f0f5439c,2026-09-06T09:51:30.762204+00:00,0,No Heart Disease,0.3446,71,male,2,189.2,459.5,1,2,184.5,1,0.4,1,3,2
37,99f01e7d-09b9-40b3-87c4-6d4c75d6aa11,2026-09-06T09:51:31.433210+00:00,1,Heart Disease,0.6668,70,female,3,147.1,238.7,0,0,103.7,1,1.0,0,1,0
38,fd714eff-4544-4264-ada0-fd610f09da46,2026-09-06T09:51:32.083870+00:00,0,No Heart Disease,0.2921,29,female,0,105.4,197.2,0,0,188.2,1,4.8,0,0,2
39,201deba2-be56-4551-83bc-7e797b9b4d79,2026-09-06T09:51:32.722986+00:00,1,Heart Disease,0.6144,51,male,2,153.2,173.4,1,0,176.9,1,2.8,0,0,1
40,390b0658-e03d-4c43-9a1d-796de7e2860f,2026-09-06T09:51:33.363270+00:00,1,Heart Disease,0.5471,77,female,2,151.9,327.7,0,1,128.5,0,1.3,0,0,3
41,929b9eed-e972-48cc-ad5a-a01460b53b5e,2026-09-06T09:51:33.997204+00:00,1,Heart Disease,0.6292,34,male,1,94.3,161.1,0,2,132.1,0,1.4,1,0,3
42,d1a4a7e9-effc-4c60-b877-03ff30bf43fd,2026-09-06T09:51:34.651481+00:00,0,No Heart Disease,0.3005,77,female,2,181.3,515.6,0,0,118.3,0,1.0,0,1,2
43,099deaf3-c9a5-42ea-b996-bfa466dcc3af,2026-09-06T09:51:35.286455+00:00,0,No Heart Disease,0.2762,55,male,3,136.3,424.2,1,1,129.3,0,4.5,2,2,1
44,869112be-5746-4568-ab9b-310b1d77884d,2026-09-06T09:51:35.940199+00:00,0,No Heart Disease,0.267,49,male,2,102.6,342.2,0,0,139.4,1,0.7,2,3,3
45,0cd69025-f7f1-4d6f-9d01-4444a02d59db,2026-09-06T09:51:36.922497+00:00,0,No Heart Disease,0.1572,75,female,3,196.6,339.3,1,2,139.7,0,6.1,2,3,0
46,b33d43f7-869b-4868-96bd-c9d0198c1325,2026-09-06T09:51:37.593674+00:00,1,Heart Disease,0.6173,61,female,2,98.7,451.5,0,2,190.6,1,1.4,2,3,3
47,152a58c5-d445-42ba-8b10-107b8cb37b7a,2026-09-06T09:51:38.330448+00:00,0,No Heart Disease,0.1669,51,male,3,163.6,512.1,1,0,197.1,0,4.6,0,2,3
48,c5d87b73-e8af-4bb9-bec3-0a43497e2d61,2026-09-06T09:51:39.100735+00:00,0,No Heart Disease,0.1018,56,male,1,145.2,370.8,1,1,136.8,1,4.9,0,1,0
49,b0f5829f-03bc-4270-ba0c-a7453b4b54e4,2026-09-06T09:51:39.747387+00:00,0,No Heart Disease,0.1341,63,male,3,165.5,498.7,0,0,82.0,1,0.9,2,2,2
50,7e706d47-aa1b-466d-a26c-a6270b9b8488,2026-09-06T09:51:40.392379+00:00,1,Heart Disease,0.8384,75,female,2,146.1,207.5,0,1,130.0,0,0.2,1,1,1
51,6ebcfd36-5a8e-4300-958d-21b3a8a0f272,2026-09-06T09:51:41.038475+00:00,0,No Heart Disease,0.0143,31,male,1,161.2,532.0,0,0,84.4,0,4.5,2,1,3
52,4192985c-94c3-4f8b-9e91-b67246204447,2026-09-06T09:51:42.711496+00:00,1,Heart Disease,0.5908,41,female,1,95.2,447.3,1,1,171.3,1,0.2,2,3,2
53,8ade1a04-d5c5-4de0-b998-f9d7453cc629,2026-09-06T09:51:43.343763+00:00,0,No Heart Disease,0.2313,49,female,1,199.4,191.3,1,2,181.0,0,5.3,2,1,2
54,5b56c38e-b033-4042-86bd-69d234faf1dc,2026-09-06T09:51:43.975469+00:00,1,Heart Disease,0.7224,62,male,3,111.8,281.0,0,0,121.5,0,1.1,0,2,0
55,26cdaea4-b164-4a5b-be26-75cce8fe95d7,2026-09-06T09:51:44.607226+00:00,1,Heart Disease,0.7503,73,male,3,130.1,420.3,0,0,200.6,0,1.7,2,2,3
56,c7bb3b70-04d2-4996-baf4-106496cfdac0,2026-09-06T09:51:45.230209+00:00,0,No Heart Disease,0.0482,68,male,0,154.9,162.8,0,1,104.2,1,3.2,0,2,0
57,853f9754-b36c-49b1-82fb-348073045ade,2026-09-06T09:51:45.865259+00:00,0,No Heart Disease,0.0446,64,male,3,162.7,265.8,1,0,81.6,1,5.0,2,2,1
58,ecfce476-1227-438c-8e33-62b007421646,2026-09-06T09:51:46.500833+00:00,0,No Heart Disease,0.0801,71,male,2,146.7,226.3,1,2,94.8,1,2.3,0,3,1
59,3fd9ca42-4e7f-4bf6-b8c3-fc081fd1294f,2026-09-06T09:51:47.132528+00:00,0,No Heart Disease,0.0466,73,female,0,117.8,414.6,1,0,111.0,0,3.0,1,3,2
60,af3a96c0-7779-41ee-bed4-9d7d479f4edf,2026-09-06T09:51:47.783451+00:00,0,No Heart Disease,0.3806,68,male,0,123.6,340.9,0,0,139.0,0,3.1,0,0,0
61,3063da2a-7f76-45b1-a286-6fe3645a3687,2026-09-06T09:51:48.426084+00:00,1,Heart Disease,0.5214,35,male,0,145.8,148.6,1,1,176.4,0,4.7,2,0,0
62,21445cb6-c4c6-497e-8cfa-3acd0654c8be,2026-09-06T09:51:49.083540+00:00,0,No Heart Disease,0.0201,44,female,0,99.9,276.5,0,0,75.3,1,4.8,0,0,3
63,24d7be6c-8047-4d98-8939-a55746df87c0,2026-09-06T09:51:49.745088+00:00,0,No Heart Disease,0.1335,61,male,3,144.5,329.2,1,1,138.7,0,4.7,0,3,1
64,0d9e340f-4dad-4cba-84f2-a16211a51ccb,2026-09-06T09:51:50.400698+00:00,0,No Heart Disease,0.0218,41,male,0,125.3,531.4,1,2,73.9,1,2.2,0,3,0
65,b7046e21-0c7d-4970-8f2d-ee6aa366acd1,2026-09-06T09:51:52.077753+00:00,0,No Heart Disease,0.0468,29,female,2,185.4,286.3,1,0,87.5,0,3.8,1,1,3
66,10c721dd-8a13-4c4a-b696-190b879806d1,2026-09-06T09:51:52.892287+00:00,0,No Heart Disease,0.2851,42,male,3,173.0,140.8,0,0,122.9,0,4.2,1,1,1
67,e8d0a4aa-3b93-4a7c-a632-e8f22359dffa,2026-09-06T09:51:53.703004+00:00,0,No Heart Disease,0.4714,45,female,3,178.1,238.7,1,0,196.7,1,5.1,2,0,3
68,bdbb00f9-15c3-42cc-ae9e-06d30c7387bc,2026-09-06T09:51:54.609353+00:00,0,No Heart Disease,0.0017,56,male,1,196.5,509.3,1,1,80.7,1,6.0,2,2,3
69,a71b053e-bae3-4b4a-82cf-71b017b817cc,2026-09-06T09:51:56.422409+00:00,0,No Heart Disease,0.1949,69,male,2,189.4,154.6,1,2,126.6,0,1.8,2,3,2
70,28b4c89b-ae64-4bc1-8af6-74c987cd6b98,2026-09-06T09:51:57.059877+00:00,1,Heart Disease,0.771,54,male,0,97.9,323.9,1,1,174.0,0,0.4,0,0,2
71,517a87c8-ecee-43b3-a449-c63c34127b86,2026-09-06T09:51:58.743622+00:00,0,No Heart Disease,0.275,74,female,1,104.9,482.8,0,2,80.4,1,0.2,0,1,2
72,45b184ab-1329-4957-9797-4f8553a38da8,2026-09-06T09:51:59.392603+00:00,0,No Heart Disease,0.3332,46,male,3,144.6,516.7,1,1,112.6,1,1.5,1,0,3
73,eb303613-89e6-4456-b3fd-d5e33822aa84,2026-09-06T09:52:01.197659+00:00,0,No Heart Disease,0.2902,34,male,3,177.7,317.7,0,0,159.3,0,5.5,0,1,0
74,9b13ad3e-b64e-4a10-9c10-462269c50ccc,2026-09-06T09:52:01.956659+00:00,0,No Heart Disease,0.1555,51,male,1,188.6,529.9,1,0,182.2,0,2.7,0,3,0
75,fb0294a9-ce4a-4221-90bd-096e2b7b9379,2026-09-06T09:52:02.586423+00:00,1,Heart Disease,0.8831,51,female,3,121.7,433.9,1,2,125.0,0,0.1,2,1,2
76,80f3c787-8a4b-4028-8d4b-2aa7e1fe22c5,2026-09-06T09:52:03.205729+00:00,1,Heart Disease,0.5975,62,female,2,143.1,437.9,1,2,162.5,1,1.5,0,0,3
77,a3ad819b-4254-45a6-bee6-a969c233bcf3,2026-09-06T09:52:03.862024+00:00,0,No Heart Disease,0.362,30,female,3,195.7,174.5,1,1,199.8,1,3.6,2,3,2
78,84de59b6-80f6-4373-bbe8-4529f7f26e3e,2026-09-06T09:52:04.509051+00:00,0,No Heart Disease,0.0957,38,male,2,190.1,231.5,0,1,166.1,1,5.2,1,1,2
79,f28ff2b7-d213-4ae1-af09-5f8080e6754c,2026-09-06T09:52:05.148276+00:00,1,Heart Disease,0.5301,56,female,3,141.8,417.1,0,2,168.9,0,5.2,2,2,1
80,5129377b-e13d-4038-be66-f8c968c25981,2026-09-06T09:52:05.776589+00:00,1,Heart Disease,0.7374,71,male,2,133.0,219.8,0,2,132.6,0,2.2,1,1,0
81,771fd31e-32e0-4e62-86e5-3b1df919b6bd,2026-09-06T09:52:06.403584+00:00,0,No Heart Disease,0.0067,58,male,0,131.2,235.4,1,1,76.0,1,3.4,2,3,3
82,ffdaf6a2-4df6-4cdf-bcef-3b8237fa46e6,2026-09-06T09:52:07.238866+00:00,0,No Heart Disease,0.0369,30,male,1,199.5,130.6,1,2,95.1,0,3.6,2,2,2
83,270796df-9b65-415e-a24e-c0742e86757f,2026-09-06T09:52:07.894125+00:00,1,Heart Disease,0.9232,39,male,2,132.4,218.3,0,1,156.3,0,0.5,0,0,0
84,c12d449b-bf41-4e2c-8538-a95890ac6519,2026-09-06T09:52:08.592069+00:00,0,No Heart Disease,0.1509,52,female,3,182.7,453.3,0,1,110.5,1,5.9,2,0,1
85,477ba6af-ba06-415d-bc2a-ba0d49c53e8f,2026-09-06T09:52:09.217121+00:00,0,No Heart Disease,0.2861,61,male,2,167.6,265.2,0,0,87.4,0,0.6,1,0,3
86,9fa63594-0940-488f-b6eb-8b7e83d27fb4,2026-09-06T09:52:09.844387+00:00,1,Heart Disease,0.6317,71,female,0,105.3,535.7,0,2,190.9,1,4.3,1,0,0
87,0655635e-ddb3-4781-bee5-e41bc45c7696,2026-09-06T09:52:10.474526+00:00,0,No Heart Disease,0.3088,34,male,0,125.1,166.2,0,2,136.0,1,1.2,0,2,0
88,bddd691b-9bb0-4945-99d3-bdea7da50bfd,2026-09-06T09:52:11.227784+00:00,1,Heart Disease,0.7422,44,male,2,101.0,257.7,1,2,162.6,1,0.5,0,2,1
89,63c108ec-7de2-4346-82ae-3ec9d8c685fe,2026-09-06T09:52:11.843316+00:00,0,No Heart Disease,0.0995,72,male,2,183.2,173.2,0,2,132.5,1,4.2,0,0,3
90,69fe38ff-fe9f-4ed6-a2ae-54d5869e5b6f,2026-09-06T09:52:12.480800+00:00,0,No Heart Disease,0.3195,31,female,2,159.7,560.4,1,1,195.9,0,5.8,2,1,2
91,87bd606c-77e4-48da-80a4-763f80b7c741,2026-09-06T09:52:13.114431+00:00,0,No Heart Disease,0.4749,69,male,3,168.5,428.1,0,1,152.1,1,3.5,1,1,0
92,c7243289-511d-4725-8b88-c6c43e0e87fe,2026-09-06T09:52:13.763415+00:00,0,No Heart Disease,0.2632,50,female,0,115.8,176.4,1,2,119.7,1,4.4,0,0,0
93,bd5babb8-f832-414f-8bc2-e147322c3977,2026-09-06T09:52:14.524317+00:00,0,No Heart Disease,0.4775,54,female,2,193.0,191.2,0,2,171.0,0,3.7,1,0,3
94,c218f75c-182f-4c3c-9f40-92c00a434822,2026-09-06T09:52:15.172911+00:00,0,No Heart Disease,0.3953,69,male,0,166.5,528.9,0,2,177.5,0,2.3,2,2,0
95,5d77f032-fd3d-4f1f-8234-b31128b7522e,2026-09-06T09:52:15.799492+00:00,0,No Heart Disease,0.0919,70,female,2,123.4,564.0,0,0,132.8,1,3.8,0,2,2
96,75da9b50-c8cc-4670-af53-41b8581c3d3c,2026-09-06T09:52:16.451862+00:00,0,No Heart Disease,0.147,69,male,0,103.8,372.5,1,0,191.0,1,4.6,0,0,3
97,7229af6d-eeeb-49e1-9793-7a65fc6836f1,2026-09-06T09:52:17.103246+00:00,0,No Heart Disease,0.0496,70,male,1,114.6,487.4,1,0,114.5,0,5.4,1,1,2
98,aba26cde-7d47-41e1-b73f-87647b8cc604,2026-09-06T09:52:17.794878+00:00,0,No Heart Disease,0.0989,59,male,1,184.4,547.3,0,1,101.5,1,0.2,1,2,1
99,99bb55be-47d1-4ad4-aec9-61022ab981b3,2026-09-06T09:52:18.427826+00:00,0,No Heart Disease,0.0834,48,male,0,187.0,322.1,0,0,93.5,0,0.1,2,1,3
100,4b8a0d01-f513-46e6-bd88-813a1772a710,2026-09-06T09:52:19.076886+00:00,1,Heart Disease,0.7448,35,male,2,94.6,472.0,1,1,173.6,0,3.5,2,0,2
